<?xml version="1.0" encoding="UTF-8"?>
<?xml-stylesheet type="text/xsl" href="xls.xsl"?>
<founder_info>
<founder>
<name>Sushant Gundla</name>
<rollno>1211118</rollno>
<description>His area of interest sare CSS, javascript etc.He focusses on technical aspects of our team and his role is much of an anlayst.He is currently pursuing engineering in K.J. SOMAIYA COLLEGE OF ENGINEERING, VIDYAVIHAR.E-mail ID: sushant.gundla@somaiya.edu</description>
</founder>
<founder>
<name>Vitrag Jain</name>
<rollno>1211119</rollno>
<description>His area of interests are SQL,javascript,CSS,html etc.He works as a designer as well as the analyst in the team.He is the technical head.Even he is currently pursuing engineering in K.J. SOMAIYA COLLEGE OF ENGINEERING, VIDYAVIHAR.E-mail ID: vitrag.jain@somaiya.edu</description>
</founder>
<founder>
<name>Archit Save</name>
<rollno>1211116</rollno>
<description>He is specialist of styling languages such as CSS etc.He is good at web programming too.He is the designer head of the team.He is also studying in K.J. SOMAIYA COLLEGE OF ENGINEERING, VIDYAVIHAR.E-mail ID: archit.save@somaiya.edu</description>
</founder>
</founder_info>